{
  "T1_s": 0.30325975252221565,
  "T2_s": 0.12273507696018464,
  "phi_ratio": 1.9119226111561731
}