{
  "lam": 53.84615384615385,
  "Fe_MPa": 680.8012831771842,
  "Fcr_MPa": 279.0641266644104,
  "phiPn_kN": 3265.0502819736016,
  "adequate": true
}