{
 "33-tube (OD4.76, L95)": {
  "n": 33,
  "OD_mm": 4.76,
  "ID_mm": 3.137,
  "positions_mm": [
   [
    -33.499454545454554,
    -6.530303030303049
   ],
   [
    -33.49945454545455,
    -0.030303030303048928
   ],
   [
    -33.49945454545455,
    6.469696969696951
   ],
   [
    33.50054545454545,
    6.469696969696955
   ],
   [
    33.50054545454545,
    -0.030303030303045375
   ],
   [
    33.500545454545446,
    -6.530303030303046
   ],
   [
    -27.916454545454545,
    2.969696969696951
   ],
   [
    -27.916454545454545,
    -3.280303030303049
   ],
   [
    -16.749454545454547,
    -3.2803030303030676
   ],
   [
    -16.749454545454547,
    2.9696969696969333
   ],
   [
    5.584545454545472,
    2.9696969696969333
   ],
   [
    5.584545454545472,
    -3.2803030303030676
   ],
   [
    -5.582454545454538,
    -3.280303030303049
   ],
   [
    -5.582454545454538,
    2.969696969696951
   ],
   [
    16.751545454545454,
    2.969696969696951
   ],
   [
    16.751545454545454,
    -3.280303030303049
   ],
   [
    27.918545454545455,
    -3.2803030303030676
   ],
   [
    27.918545454545455,
    2.9696969696969333
   ],
   [
    -22.33245454545454,
    6.469696969696951
   ],
   [
    -22.33245454545454,
    0.21969696969695107
   ],
   [
    -11.166454545454544,
    0.21969696969695107
   ],
   [
    -11.166454545454544,
    6.469696969696951
   ],
   [
    11.165545454545457,
    0.21969696969695107
   ],
   [
    11.165545454545457,
    6.469696969696951
   ],
   [
    -0.00045454545455754297,
    0.21969696969695107
   ],
   [
    -0.00045454545455754297,
    6.469696969696951
   ],
   [
    22.33154545454546,
    6.4696969696970505
   ],
   [
    22.33154545454546,
    0.21969696969705055
   ],
   [
    22.331545454545452,
    -6.280303030302948
   ],
   [
    11.164545454545452,
    -6.280303030302948
   ],
   [
    -0.002454545454553326,
    -6.280303030302961
   ],
   [
    -11.169454545454547,
    -6.280303030302961
   ],
   [
    -22.335454545454542,
    -6.280303030302961
   ]
  ]
 },
 "42-tube (OD3.175, L62.6)": {
  "n": 42,
  "OD_mm": 3.175,
  "ID_mm": 1.39,
  "positions_mm": [
   [
    -26.000000000001425,
    -6.642857142854153
   ],
   [
    -26.000000000001425,
    2.3571428571458455
   ],
   [
    -20.800000000001425,
    -6.642857142854153
   ],
   [
    -20.800000000001425,
    2.3571428571458455
   ],
   [
    -15.600000000001428,
    -6.642857142854153
   ],
   [
    -15.600000000001428,
    2.3571428571458455
   ],
   [
    -10.400000000001427,
    -6.642857142854153
   ],
   [
    -10.400000000001427,
    2.3571428571458455
   ],
   [
    -5.200000000001447,
    -6.642857142854153
   ],
   [
    -5.200000000001447,
    2.3571428571458455
   ],
   [
    -1.4432053435917797e-12,
    -6.642857142854153
   ],
   [
    -1.4432053435917797e-12,
    2.3571428571458455
   ],
   [
    5.1999999999985524,
    -6.642857142854153
   ],
   [
    5.1999999999985524,
    2.3571428571458455
   ],
   [
    10.399999999998572,
    -6.642857142854153
   ],
   [
    10.399999999998572,
    2.3571428571458455
   ],
   [
    15.599999999998575,
    -6.642857142854153
   ],
   [
    15.599999999998575,
    2.3571428571458455
   ],
   [
    20.799999999998576,
    -6.642857142854153
   ],
   [
    20.799999999998576,
    2.3571428571458455
   ],
   [
    25.999999999998575,
    -6.642857142854153
   ],
   [
    25.999999999998575,
    2.3571428571458455
   ],
   [
    -23.399999999998425,
    -2.1428571428604535
   ],
   [
    -23.399999999998425,
    6.8571428571395465
   ],
   [
    -18.199999999998425,
    -2.1428571428604535
   ],
   [
    -18.199999999998425,
    6.8571428571395465
   ],
   [
    -12.999999999998428,
    -2.1428571428604535
   ],
   [
    -12.999999999998428,
    6.8571428571395465
   ],
   [
    -7.799999999998416,
    -2.1428571428604535
   ],
   [
    -7.799999999998416,
    6.8571428571395465
   ],
   [
    -2.5999999999984174,
    -2.1428571428604535
   ],
   [
    -2.5999999999984174,
    6.8571428571395465
   ],
   [
    2.600000000001583,
    -2.1428571428604535
   ],
   [
    2.600000000001583,
    6.8571428571395465
   ],
   [
    7.800000000001582,
    -2.1428571428604535
   ],
   [
    7.800000000001582,
    6.8571428571395465
   ],
   [
    13.000000000001572,
    -2.1428571428604535
   ],
   [
    13.000000000001572,
    6.8571428571395465
   ],
   [
    18.200000000001573,
    -2.1428571428604535
   ],
   [
    18.200000000001573,
    6.8571428571395465
   ],
   [
    23.400000000001576,
    -2.1428571428604535
   ],
   [
    23.400000000001576,
    6.8571428571395465
   ]
  ]
 },
 "66-tube (OD2.0, L95)": {
  "n": 66,
  "OD_mm": 2.0,
  "ID_mm": 1.6,