{
  "a_mm": 123.73109243697479,
  "eps_t": 0.008128973105134473,
  "phi": 0.9,
  "phiMn_kNm": 443.5232569411765,
  "adequate": false
}